{
  "country": "tw",
  "next":2024,
  "holidays":{"2021-01-01":"中華民國開國紀念日/元旦",
  "2021-02-04":"農民節",
  "2021-02-10":"Lunar New Year Holiday",
  "2021-02-11":"農曆除夕",
  "2021-02-12":"春節",
  "2021-02-13":"農曆初二",
  "2021-02-14":"農曆初三",
  "2021-02-15":"農曆初四",
  "2021-02-16":"農曆初五",
  "2021-02-20":"特殊工作日",
  "2021-02-26":"元宵節",
  "2021-02-28":"和平紀念日",
  "2021-03-01":"和平紀念日 補假",
  "2021-03-08":"婦女節",
  "2021-03-29":"青年節",
  "2021-04-02":"兒童節",
  "2021-04-04":"兒童節",
  "2021-04-05-1":"清明節",
  "2021-04-05-2":"兒童節 補假",
  "2021-04-30":"勞動節 補假",
  "2021-05-01":"勞動節",
  "2021-06-14":"端午節彈性放假",
  "2021-08-22":"中元節",
  "2021-09-03":"軍人節",
  "2021-09-11":"特殊工作日",
  "2021-09-20":"中秋節",
  "2021-09-21":"中秋節",
  "2021-09-28":"教師節",
  "2021-10-10":"國慶日/雙十節彈性放假",
  "2021-10-11":"國慶日/雙十節彈性放假 補假",
  "2021-10-14":"重陽節",
  "2021-10-25":"台灣光復節",
  "2021-12-25":"行憲紀念日",
  "2021-12-31":"中華民國開國紀念日/元旦 補假",
  "2022-01-01":"中華民國開國紀念日/元旦",
  "2022-01-22":"特殊工作日",
  "2022-01-31":"農曆除夕",
  "2022-02-01":"春節",
  "2022-02-02":"農曆初二",
  "2022-02-03":"農曆初三",
  "2022-02-04-1":"農民節",
  "2022-02-04-2":"農曆初四",
  "2022-02-05":"農曆初五",
  "2022-02-15":"元宵節",
  "2022-02-28":"和平紀念日",
  "2022-03-08":"婦女節",
  "2022-03-29":"青年節",
  "2022-04-04":"兒童節",
  "2022-04-05":"清明節",
  "2022-05-01":"勞動節",
  "2022-05-02":"勞動節 補假",
  "2022-06-03":"端午節彈性放假",
  "2022-08-12":"中元節",
  "2022-09-03":"軍人節",
  "2022-09-09":"中秋節",
  "2022-09-10":"中秋節",
  "2022-09-28":"教師節",
  "2022-10-04":"重陽節",
  "2022-10-10":"國慶日/雙十節彈性放假",
  "2022-10-25":"台灣光復節",
  "2022-12-25":"行憲紀念日",
  "2023-01-01":"中華民國開國紀念日/元旦",
  "2023-01-02":"中華民國開國紀念日/元旦 補假",
  "2023-01-21":"農曆除夕",
  "2023-01-22":"春節",
  "2023-01-23":"農曆初二",
  "2023-01-24":"農曆初三",
  "2023-01-25":"農曆初四",
  "2023-01-26":"農曆初五",
  "2023-02-04":"農民節",
  "2023-02-05":"元宵節",
  "2023-02-28":"和平紀念日",
  "2023-03-08":"婦女節",
  "2023-03-29":"青年節",
  "2023-04-04":"兒童節",
  "2023-04-05":"清明節",
  "2023-05-01":"勞動節",
  "2023-06-22":"端午節彈性放假",
  "2023-08-30":"中元節",
  "2023-09-03":"軍人節",
  "2023-09-28":"教師節",
  "2023-09-29":"中秋節",
  "2023-10-10":"國慶日/雙十節彈性放假",
  "2023-10-23":"重陽節",
  "2023-10-25":"台灣光復節",
  "2023-12-25":"行憲紀念日",
  "2024-01-01":"中華民國開國紀念日/元旦"}
}