{"country":"PK","holidays":{"2024-01-01-1":"New Year\u0027s Day","2024-02-05-2":"Kashmir Day","2024-02-07-3":"Shab e-Meraj","2024-02-14-4":"Basant Panchami","2024-02-25-5":"Shab e-Barat","2024-03-08-6":"Shivaratri","2024-03-11-7":"Ramazan Bank Holiday","2024-03-11-8":"Ramadan Start","2024-03-23-9":"Pakistan Day","2024-03-23-10":"Buddha Purnima","2024-03-24-11":"Holi","2024-03-25-12":"Dulhandi","2024-03-29-13":"Good Friday","2024-03-31-14":"Easter Sunday","2024-04-01-15":"Easter Monday","2024-04-10-16":"Eid-ul-Fitr","2024-04-11-17":"Eid-ul-Fitr Holiday","2024-04-12-18":"Eid-ul-Fitr Holiday","2024-04-13-19":"Baisakhi","2024-04-13-20":"Eid-ul-Fitr Holiday","2024-04-21-21":"Ridván","2024-05-01-22":"Labour Day","2024-06-17-23":"Eid al-Adha","2024-06-18-24":"Eid al-Adha Holiday","2024-06-19-25":"Eid al-Adha Holiday","2024-07-01-26":"July 1 Bank Holiday","2024-07-16-27":"Ashura","2024-07-17-28":"Ashura Holiday","2024-08-14-29":"Independence Day","2024-08-20-30":"Birthday of Lord Zoroaster (Khordad Sal)","2024-08-26-31":"Janmashtami","2024-08-27-32":"Chelum","2024-09-06-33":"Defence Day","2024-09-16-34":"Eid Milad un-Nabi","2024-10-11-35":"Durga Puja","2024-10-12-36":"Dussehra","2024-10-16-37":"Giarhwin Sharief","2024-10-17-38":"Birthday of Guru Balmik Sawami Ji","2024-11-01-39":"Diwali/Deepavali","2024-11-09-40":"Iqbal Day","2024-11-15-41":"Guru Nanak\u0027s Birthday","2024-12-24-42":"Christmas Eve","2024-12-25-43":"Christmas Day","2024-12-25-44":"Quaid-e-Azam Day","2024-12-26-45":"Day After Christmas (Christians only)","2024-12-31-46":"New Year\u0027s Eve"},"next":2025}