{"country":"VN","holidays":{"2024-01-01-1":"International New Year\u0027s Day","2024-02-08-2":"Tet holiday","2024-02-09-3":"Vietnamese New Year\u0027s Eve","2024-02-10-4":"Vietnamese New Year","2024-02-11-5":"Tet holiday","2024-02-12-6":"Tet holiday","2024-02-13-7":"Tet holiday","2024-02-14-8":"Tet holiday","2024-03-31-9":"Easter Sunday","2024-04-18-10":"Hung Kings Festival","2024-04-30-11":"Liberation Day/Reunification Day","2024-05-01-12":"International Labor Day","2024-05-23-13":"Vesak","2024-09-02-14":"Independence Day","2024-09-03-15":"Independence Day Holiday","2024-12-24-16":"Christmas Eve","2024-12-25-17":"Christmas Day","2024-12-31-18":"International New Year\u0027s Eve","2025-01-01-19":"International New Year\u0027s Day","2025-01-28-20":"Vietnamese New Year\u0027s Eve","2025-01-29-21":"Vietnamese New Year","2025-01-30-22":"Tet holiday","2025-01-31-23":"Tet holiday","2025-02-01-24":"Tet holiday","2025-02-02-25":"Tet holiday","2025-04-07-26":"Hung Kings Festival","2025-04-20-27":"Easter Sunday","2025-04-30-28":"Liberation Day/Reunification Day","2025-05-01-29":"International Labor Day","2025-05-12-30":"Vesak","2025-09-02-31":"Independence Day","2025-12-24-32":"Christmas Eve","2025-12-25-33":"Christmas Day","2025-12-31-34":"International New Year\u0027s Eve"},"next":2026}