{"country":"FR","holidays":{"2024-01-01-1":"Jour de l\u0027an","2024-03-31-2":"Pâques","2024-03-31-3":"Heure d\u0027été","2024-04-01-4":"Le lundi de Pâques","2024-05-01-5":"La fête du Travail","2024-05-08-6":"Fête de la Victoire 1945","2024-05-09-7":"L\u0027Ascension","2024-05-19-8":"Pentecôte","2024-05-20-9":"Le lundi de Pentecôte","2024-05-26-10":"Fête des Mères","2024-06-16-11":"Fête des Pères","2024-07-14-12":"La fête nationale","2024-08-15-13":"L\u0027Assomption","2024-10-27-14":"Heure d\u0027hiver","2024-11-01-15":"La Toussaint","2024-11-11-16":"L\u0027Armistice","2024-12-24-17":"La veille de Noël","2024-12-25-18":"Noël","2024-12-31-19":"la Saint-Sylvestre","2025-01-01-20":"Jour de l\u0027an","2025-03-30-21":"Heure d\u0027été","2025-04-20-22":"Pâques","2025-04-21-23":"Le lundi de Pâques","2025-05-01-24":"La fête du Travail","2025-05-08-25":"Fête de la Victoire 1945","2025-05-25-26":"Fête des Mères","2025-05-29-27":"L\u0027Ascension","2025-06-08-28":"Pentecôte","2025-06-09-29":"Le lundi de Pentecôte","2025-06-15-30":"Fête des Pères","2025-07-14-31":"La fête nationale","2025-08-15-32":"L\u0027Assomption","2025-10-26-33":"Heure d\u0027hiver","2025-11-01-34":"La Toussaint","2025-11-11-35":"L\u0027Armistice","2025-12-24-36":"La veille de Noël","2025-12-25-37":"Noël","2025-12-31-38":"la Saint-Sylvestre"},"next":2026}