{"country":"US","holidays":{"2024-01-01-1":"New Year\u0027s Day","2024-01-15-2":"Martin Luther King Jr. Day","2024-02-01-3":"First Day of Black History Month","2024-02-14-4":"Valentine\u0027s Day","2024-02-19-5":"Presidents\u0027 Day","2024-03-01-6":"First Day of Women\u0027s History Month","2024-03-10-7":"Daylight Saving Time starts","2024-03-17-8":"St. Patrick\u0027s Day","2024-03-31-9":"Easter Sunday","2024-04-01-10":"Easter Monday","2024-04-15-11":"Tax Day","2024-05-01-12":"First Day of Asian Pacific American Heritage Month","2024-05-05-13":"Cinco de Mayo","2024-05-12-14":"Mother\u0027s Day","2024-05-27-15":"Memorial Day","2024-06-01-16":"First Day of LGBTQ+ Pride Month","2024-06-14-17":"Flag Day","2024-06-16-18":"Father\u0027s Day","2024-06-19-19":"Juneteenth","2024-07-04-20":"Independence Day","2024-09-02-21":"Labor Day","2024-09-15-22":"First Day of Hispanic Heritage Month","2024-10-14-23":"Indigenous Peoples\u0027 Day","2024-10-14-24":"Columbus Day","2024-10-31-25":"Halloween","2024-11-01-26":"First Day of American Indian Heritage Month","2024-11-03-27":"Daylight Saving Time ends","2024-11-05-28":"Election Day (General Election)","2024-11-11-29":"Veterans Day","2024-11-28-30":"Thanksgiving Day","2024-11-29-31":"Native American Heritage Day","2024-12-24-32":"Christmas Eve","2024-12-25-33":"Christmas Day","2024-12-31-34":"New Year\u0027s Eve","2025-01-01-35":"New Year\u0027s Day","2025-01-20-36":"Martin Luther King Jr. Day","2025-01-20-37":"Inauguration Day (regional holiday)","2025-02-01-38":"First Day of Black History Month","2025-02-14-39":"Valentine\u0027s Day","2025-02-17-40":"Presidents\u0027 Day","2025-03-01-41":"First Day of Women\u0027s History Month","2025-03-09-42":"Daylight Saving Time starts","2025-03-17-43":"St. Patrick\u0027s Day","2025-04-15-44":"Tax Day","2025-04-20-45":"Easter Sunday","2025-04-21-46":"Easter Monday","2025-05-01-47":"First Day of Asian Pacific American Heritage Month","2025-05-05-48":"Cinco de Mayo","2025-05-11-49":"Mother\u0027s Day","2025-05-26-50":"Memorial Day","2025-06-01-51":"First Day of LGBTQ+ Pride Month","2025-06-14-52":"Flag Day","2025-06-15-53":"Father\u0027s Day","2025-06-19-54":"Juneteenth","2025-07-04-55":"Independence Day","2025-09-01-56":"Labor Day","2025-09-15-57":"First Day of Hispanic Heritage Month","2025-10-13-58":"Indigenous Peoples\u0027 Day","2025-10-13-59":"Columbus Day","2025-10-31-60":"Halloween","2025-11-01-61":"First Day of American Indian Heritage Month","2025-11-02-62":"Daylight Saving Time ends","2025-11-04-63":"Election Day","2025-11-11-64":"Veterans Day","2025-11-27-65":"Thanksgiving Day","2025-11-28-66":"Native American Heritage Day","2025-12-24-67":"Christmas Eve","2025-12-25-68":"Christmas Day","2025-12-31-69":"New Year\u0027s Eve"},"next":2026}