{"country":"RU","holidays":{"2024-01-01-1":"Новый Год","2024-01-02-2":"Новогодние каникулы","2024-01-03-3":"Новогодние каникулы","2024-01-04-4":"Новогодние каникулы","2024-01-05-5":"Новогодние каникулы","2024-01-06-6":"Новогодние каникулы","2024-01-07-7":"Рождество","2024-01-08-8":"Новогодние каникулы","2024-02-23-9":"День защитника Отечества","2024-03-08-10":"Восьмое марта","2024-04-28-11":"Выходной","2024-04-29-12":"Выходной","2024-04-30-13":"Выходной","2024-05-01-14":"Праздник Весны и Труда","2024-05-09-15":"День Победы","2024-05-10-16":"День Победы","2024-06-12-17":"День России","2024-10-05-18":"День учителя","2024-11-03-19":"Выходной","2024-11-04-20":"День народного единства","2024-12-30-21":"Новогодние каникулы","2024-12-31-22":"Новогодние каникулы","2025-01-01-23":"Новый Год","2025-01-02-24":"Новогодние каникулы","2025-01-03-25":"Новогодние каникулы","2025-01-06-26":"Новогодние каникулы","2025-01-07-27":"Рождество","2025-01-08-28":"Новогодние каникулы","2025-02-23-29":"День защитника Отечества","2025-02-24-30":"День защитника Отечества перенесенный выходной день","2025-03-08-31":"Восьмое марта","2025-03-10-32":"Восьмое марта перенесенный выходной день","2025-05-01-33":"Праздник Весны и Труда","2025-05-02-34":"Праздник Весны и Труда","2025-05-09-35":"День Победы","2025-06-12-36":"День России","2025-06-13-37":"День России","2025-10-05-38":"День учителя","2025-11-04-39":"День народного единства"},"next":2026}