{"country":"DE","holidays":{"2024-01-01-1":"Neujahrstag","2024-01-06-2":"Heilige Drei Könige (regionaler Feiertag)","2024-02-12-3":"Rosenmontag","2024-02-13-4":"Faschingsdienstag","2024-02-14-5":"Aschermittwoch","2024-02-14-6":"Valentinstag","2024-03-08-7":"Internationaler Frauentag (regionaler Feiertag)","2024-03-24-8":"Palmsonntag","2024-03-28-9":"Gründonnerstag (regionaler Feiertag)","2024-03-29-10":"Karfreitag","2024-03-30-11":"Karsamstag (regionaler Feiertag)","2024-03-31-12":"Beginn der Sommerzeit","2024-03-31-13":"Ostern (regionaler Feiertag)","2024-04-01-14":"Ostermontag","2024-05-01-15":"Tag der Arbeit","2024-05-08-16":"Jahrestag der Befreiung vom Nationalsozialismus (regionaler Feiertag)","2024-05-09-17":"Vatertag","2024-05-09-18":"Christi Himmelfahrt","2024-05-12-19":"Muttertag","2024-05-19-20":"Pfingsten (regionaler Feiertag)","2024-05-20-21":"Pfingstmontag","2024-05-30-22":"Fronleichnam (regionaler Feiertag)","2024-08-08-23":"Hohes Friedensfest Augsburg (Bayern)","2024-08-15-24":"Mariä Himmelfahrt (regionaler Feiertag)","2024-09-20-25":"Weltkindertag (Thüringen)","2024-10-03-26":"Tag der Deutschen Einheit","2024-10-27-27":"Ende der Sommerzeit","2024-10-31-28":"Halloween","2024-10-31-29":"Reformationstag (regionaler Feiertag)","2024-11-01-30":"Allerheiligen (regionaler Feiertag)","2024-11-11-31":"St. Martin","2024-11-17-32":"Volkstrauertag","2024-11-20-33":"Buß- und Bettag (Sachsen)","2024-11-24-34":"Totensonntag","2024-12-01-35":"Erster Advent","2024-12-06-36":"Nikolaustag","2024-12-08-37":"Zweiter Advent","2024-12-15-38":"Dritter Advent","2024-12-22-39":"Vierter Advent","2024-12-25-40":"Erster Weihnachtstag","2024-12-26-41":"Zweiter Weihnachtstag","2025-01-01-42":"Neujahrstag","2025-01-06-43":"Heilige Drei Könige (regionaler Feiertag)","2025-02-14-44":"Valentinstag","2025-03-03-45":"Rosenmontag","2025-03-04-46":"Faschingsdienstag","2025-03-05-47":"Aschermittwoch","2025-03-08-48":"Internationaler Frauentag (regionaler Feiertag)","2025-03-30-49":"Beginn der Sommerzeit","2025-04-13-50":"Palmsonntag","2025-04-17-51":"Gründonnerstag (regionaler Feiertag)","2025-04-18-52":"Karfreitag","2025-04-19-53":"Karsamstag (regionaler Feiertag)","2025-04-20-54":"Ostern (regionaler Feiertag)","2025-04-21-55":"Ostermontag","2025-05-01-56":"Tag der Arbeit","2025-05-08-57":"Jahrestag der Befreiung vom Nationalsozialismus (regionaler Feiertag)","2025-05-11-58":"Muttertag","2025-05-29-59":"Vatertag","2025-05-29-60":"Christi Himmelfahrt","2025-06-08-61":"Pfingsten (regionaler Feiertag)","2025-06-09-62":"Pfingstmontag","2025-06-19-63":"Fronleichnam (regionaler Feiertag)","2025-08-08-64":"Hohes Friedensfest Augsburg (Bayern)","2025-08-15-65":"Mariä Himmelfahrt (regionaler Feiertag)","2025-09-20-66":"Weltkindertag (Thüringen)","2025-10-03-67":"Tag der Deutschen Einheit","2025-10-26-68":"Ende der Sommerzeit","2025-10-31-69":"Halloween","2025-10-31-70":"Reformationstag (regionaler Feiertag)","2025-11-01-71":"Allerheiligen (regionaler Feiertag)","2025-11-11-72":"St. Martin","2025-11-16-73":"Volkstrauertag","2025-11-19-74":"Buß- und Bettag (Sachsen)","2025-11-23-75":"Totensonntag","2025-11-30-76":"Erster Advent","2025-12-06-77":"Nikolaustag","2025-12-07-78":"Zweiter Advent","2025-12-14-79":"Dritter Advent","2025-12-21-80":"Vierter Advent","2025-12-25-81":"Erster Weihnachtstag","2025-12-26-82":"Zweiter Weihnachtstag"},"next":2026}