{"country":"MY","holidays":{"2024-01-01-1":"Hari Tahun Baru (cuti wilayah)","2024-01-14-2":"Hari Lahir Yang di-Pertuan Besar (Negeri Sembilan)","2024-01-15-3":"Hari Lahir Yang di-Pertuan Besar diperhatikan (Negeri Sembilan)","2024-01-25-4":"Hari Thaipusam (cuti wilayah)","2024-02-01-5":"Hari Wilayah Persekutuan (cuti wilayah)","2024-02-08-6":"Israk \u0026 Mikraj (cuti wilayah)","2024-02-10-7":"Tahun Baru Cina","2024-02-11-8":"Tahun Baru Cina (Hari ke-2) (cuti wilayah)","2024-02-12-9":"Lunar New Year Holiday (cuti wilayah)","2024-02-14-10":"Hari Valentine","2024-03-04-11":"Hari Ulang Tahun Pertabalan Sultan Terengganu (Terengganu)","2024-03-12-12":"Awal Ramadan (cuti wilayah)","2024-03-23-13":"Hari Keputeraan Sultan Johor (Johor)","2024-03-28-14":"Hari Nuzul Al-Quran (cuti wilayah)","2024-03-29-15":"Jumaat Agung (cuti wilayah)","2024-03-31-16":"Hari Ahad Easter","2024-04-10-17":"Hari Raya Aidil Fitri","2024-04-11-18":"Hari Raya Aidil Fitri (hari kedua)","2024-04-15-19":"Pengisytiharan Melaka Sebagai Bandar Raya Bersejarah (Malacca)","2024-04-26-20":"Hari Keputeraan Sultan Terengganu (Terengganu)","2024-05-01-21":"Hari Pekerja","2024-05-17-22":"Hari Keputeraan Raja Perlis (Perlis)","2024-05-22-23":"Hari Wesak","2024-05-22-24":"Hari Hol di Pahang (Pahang)","2024-05-30-25":"Pesta Kaamatan Sabah (cuti wilayah)","2024-05-31-26":"Pesta Kaamatan Sabah (Hari Kedua) (cuti wilayah)","2024-06-01-27":"Hari Gawai Dayak (Sarawak)","2024-06-02-28":"Hari Gawai Dayak (Sarawak)","2024-06-03-29":"Hari Keputeraan Seri Paduka Baginda Yang di-Pertuan Agong","2024-06-03-30":"Hari Gawai Dayak diperhatikan (Sarawak)","2024-06-16-31":"Hari Arafah (cuti wilayah)","2024-06-17-32":"Hari Raya Aidil Adha","2024-06-18-33":"Hari Raya Aidil Adha (hari kedua) (cuti wilayah)","2024-06-30-34":"Hari Keputeraan Sultan Kedah (Kedah)","2024-07-07-35":"Awal Muharram","2024-07-07-36":"Hari Ulang Tahun Perisytiharan Tapak Warisan Dunia (Penang)","2024-07-08-37":"Awal Muharram (cuti wilayah)","2024-07-13-38":"Hari Jadi Yang di-Pertua Negeri Pulau Pinang (Penang)","2024-07-22-39":"Hari Sarawak (Sarawak)","2024-07-30-40":"Hari Keputeraan Sultan Pahang (Pahang)","2024-08-11-41":"Hari Hol Almarhum Sultan Iskandar (Johor)","2024-08-24-42":"Hari Keputeraan Gabenor Melaka (Malacca)","2024-08-31-43":"Hari Kebangsaan Malaysia","2024-09-01-44":"Hari Kebangsaan Malaysia (cuti wilayah)","2024-09-16-45":"Hari Malaysia","2024-09-16-46":"Maulidur Rasul","2024-09-17-47":"Hari Malaysia hari cuti","2024-09-29-48":"Hari Keputeraan Sultan Kelantan (Kelantan)","2024-09-30-49":"Hari Keputeraan Sultan Kelantan (hari kedua) (Kelantan)","2024-10-05-50":"Hari Keputeraan Gabenor Sabah (Sabah)","2024-10-12-51":"Hari Keputeraan Gabenor Sarawak (Sarawak)","2024-10-31-52":"Hari Deepavali (cuti wilayah)","2024-11-01-53":"Hari Keputeraan Sultan Perak (Perak)","2024-12-11-54":"Hari Keputeraan Sultan Selangor (Selangor)","2024-12-24-55":"Malam Krismas (Sabah)","2024-12-25-56":"Hari Natal (Krismas)","2024-12-31-57":"Malam Tahun Baru","2025-01-01-58":"Hari Tahun Baru (cuti wilayah)","2025-01-14-59":"Hari Lahir Yang di-Pertuan Besar (Negeri Sembilan)","2025-01-27-60":"Israk \u0026 Mikraj (cuti wilayah)","2025-01-29-61":"Tahun Baru Cina","2025-01-30-62":"Tahun Baru Cina (Hari ke-2) (cuti wilayah)","2025-02-01-63":"Hari Wilayah Persekutuan (cuti wilayah)","2025-02-14-64":"Hari Valentine","2025-03-01-65":"Awal Ramadan (cuti wilayah)","2025-03-04-66":"Hari Ulang Tahun Pertabalan Sultan Terengganu (Terengganu)","2025-03-17-67":"Hari Nuzul Al-Quran (cuti wilayah)","2025-03-23-68":"Hari Keputeraan Sultan Johor (Johor)","2025-03-31-69":"Hari Raya Aidil Fitri","2025-04-01-70":"Hari Raya Aidil Fitri (hari kedua)","2025-04-15-71":"Pengisytiharan Melaka Sebagai Bandar Raya Bersejarah (Malacca)","2025-04-18-72":"Jumaat Agung (cuti wilayah)","2025-04-20-73":"Hari Ahad Easter","2025-04-26-74":"Hari Keputeraan Sultan Terengganu (Terengganu)","2025-05-01-75":"Hari Pekerja","2025-05-22-76":"Hari Hol di Pahang (Pahang)","2025-05-30-77":"Pesta Kaamatan Sabah (cuti wilayah)","2025-05-31-78":"Pesta Kaamatan Sabah (Hari Kedua) (cuti wilayah)","2025-06-01-79":"Hari Gawai Dayak (Sarawak)","2025-06-02-80":"Hari Gawai Dayak diperhatikan (Sarawak)","2025-06-02-81":"Hari Gawai Dayak (Sarawak)","2025-06-02-82":"Hari Keputeraan Seri Paduka Baginda Yang di-Pertuan Agong","2025-06-06-83":"Hari Arafah (cuti wilayah)","2025-06-07-84":"Hari Raya Aidil Adha","2025-06-08-85":"Hari Raya Aidil Adha (hari kedua) (cuti wilayah)","2025-06-15-86":"Hari Keputeraan Sultan Kedah (Kedah)","2025-06-27-87":"Awal Muharram","2025-07-07-88":"Hari Ulang Tahun Perisytiharan Tapak Warisan Dunia (Penang)","2025-07-12-89":"Hari Jadi Yang di-Pertua Negeri Pulau Pinang (Penang)","2025-07-17-90":"Hari Keputeraan Raja Perlis (Perlis)","2025-07-22-91":"Hari Sarawak (Sarawak)","2025-07-30-92":"Hari Keputeraan Sultan Pahang (Pahang)","2025-08-01-93":"Hari Hol Almarhum Sultan Iskandar (Johor)","2025-08-24-94":"Hari Keputeraan Gabenor Melaka (Malacca)","2025-08-25-95":"Hari Keputeraan Gabenor Melaka diperhatikan (Malacca)","2025-08-31-96":"Hari Kebangsaan Malaysia","2025-09-01-97":"Hari Kebangsaan Malaysia diperhatikan","2025-09-05-98":"Maulidur Rasul","2025-09-16-99":"Hari Malaysia","2025-10-04-100":"Hari Keputeraan Gabenor Sabah (Sabah)","2025-10-11-101":"Hari Keputeraan Gabenor Sarawak (Sarawak)","2025-11-07-102":"Hari Keputeraan Sultan Perak (Perak)","2025-11-11-103":"Hari Keputeraan Sultan Kelantan (Kelantan)","2025-11-12-104":"Hari Keputeraan Sultan Kelantan (hari kedua) (Kelantan)","2025-12-11-105":"Hari Keputeraan Sultan Selangor (Selangor)","2025-12-24-106":"Malam Krismas (Sabah)","2025-12-25-107":"Hari Natal (Krismas)","2025-12-31-108":"Malam Tahun Baru"},"next":2026}