{"country":"SG","holidays":{"2024-01-01-1":"New Year\u0027s Day","2024-02-10-2":"Lunar New Year\u0027s Day","2024-02-11-3":"Second Day of Lunar New Year","2024-02-12-4":"Day off for Lunar New Year\u0027s Day","2024-03-11-5":"Ramadan Start","2024-03-29-6":"Good Friday","2024-03-30-7":"Easter Saturday","2024-03-31-8":"Easter Sunday","2024-04-10-9":"Hari Raya Puasa","2024-05-01-10":"Labour Day","2024-05-22-11":"Vesak Day","2024-06-17-12":"Hari Raya Haji","2024-08-09-13":"National Day","2024-09-06-14":"Teachers\u0027 Day","2024-10-04-15":"Children\u0027s Day","2024-10-31-16":"Diwali/Deepavali","2024-12-24-17":"Christmas Eve","2024-12-25-18":"Christmas Day","2024-12-31-19":"New Year\u0027s Eve","2025-01-01-20":"New Year\u0027s Day","2025-01-29-21":"Lunar New Year\u0027s Day","2025-03-01-22":"Ramadan Start","2025-03-31-23":"Hari Raya Puasa","2025-04-18-24":"Good Friday","2025-04-19-25":"Easter Saturday","2025-04-20-26":"Easter Sunday","2025-05-01-27":"Labour Day","2025-05-12-28":"Vesak Day","2025-06-06-29":"Hari Raya Haji","2025-08-09-30":"National Day","2025-09-05-31":"Teachers\u0027 Day","2025-10-03-32":"Children\u0027s Day","2025-10-21-33":"Diwali/Deepavali","2025-12-24-34":"Christmas Eve","2025-12-25-35":"Christmas Day","2025-12-31-36":"New Year\u0027s Eve"},"next":2026}