{"country":"MO"
,"holidays":{
  "2024-01-01-1":"元旦"
  ,"2024-02-10-2":"農曆正月初一"
  ,"2024-02-11-3":"農曆正月初二"
  ,"2024-02-12-4":"農曆正月初三"
  ,"2024-03-29-5":"耶穌受難日"
  ,"2024-03-30-6":"復活節前日"
  ,"2024-04-04-7":"清明節"
  ,"2024-05-01-8":"勞動節"
  ,"2024-05-15-9":"佛誕節"
  ,"2024-06-10-10":"端午節"
  ,"2024-09-18-11":"中秋節翌日"
  ,"2024-10-01-12":"中華人民共和國國慶日"
  ,"2024-10-02-13":"中華人民共和國國慶日翌日"
  ,"2024-10-11-14":"重陽節"
  ,"2024-11-02-15":"追思節"
  ,"2024-12-08-16":"聖母無原罪瞻禮"
  ,"2024-12-20-17":"澳門特別行政區成立紀念日"
  ,"2024-12-21-18":"冬至"
  ,"2024-12-24-19":"聖誕節前日"
  ,"2024-12-25-20":"聖誕節"
  }
  ,"next":2026}