{"country":"CA","holidays":{"2024-01-01-1":"New Year\u0027s Day","2024-01-02-2":"Day After New Year’s Day (Quebec)","2024-01-06-3":"Epiphany","2024-02-02-4":"Groundhog Day","2024-02-14-5":"Valentine\u0027s Day","2024-02-19-6":"Family Day (regional holiday)","2024-02-19-7":"Islander Day (Prince Edward Island)","2024-02-19-8":"Nova Scotia Heritage Day (Nova Scotia)","2024-02-19-9":"Louis Riel Day (Manitoba)","2024-02-23-10":"Yukon Heritage Day (Yukon)","2024-03-10-11":"Daylight Saving Time starts","2024-03-11-12":"Commonwealth Day","2024-03-17-13":"St. Patrick\u0027s Day","2024-03-18-14":"St. Patrick\u0027s Day (Newfoundland and Labrador)","2024-03-29-15":"Good Friday","2024-03-31-16":"Easter Sunday (regional holiday)","2024-04-01-17":"Easter Monday (regional holiday)","2024-04-06-18":"Tartan Day","2024-04-09-19":"Vimy Ridge Day","2024-04-22-20":"St. George\u0027s Day (Newfoundland and Labrador)","2024-05-12-21":"Mothers\u0027 Day","2024-05-20-22":"National Patriots\u0027 Day (Quebec)","2024-05-20-23":"Victoria Day (regional holiday)","2024-06-16-24":"Fathers\u0027 Day","2024-06-21-25":"National Indigenous Peoples Day (regional holiday)","2024-06-24-26":"St. Jean Baptiste Day (Quebec)","2024-06-24-27":"June Holiday (Newfoundland and Labrador)","2024-07-01-28":"Canada Day","2024-07-01-29":"Memorial Day (Newfoundland and Labrador)","2024-07-09-30":"Nunavut Day (Nunavut)","2024-07-15-31":"Orangemen\u0027s Day (Newfoundland and Labrador)","2024-08-05-32":"New Brunswick Day (New Brunswick)","2024-08-05-33":"Heritage Day (Alberta)","2024-08-05-34":"Saskatchewan Day (Saskatchewan)","2024-08-05-35":"Natal Day (Nova Scotia)","2024-08-05-36":"Civic/Provincial Day (regional holiday)","2024-08-05-37":"British Columbia Day (British Columbia)","2024-08-07-38":"The Royal St John\u0027s Regatta (Regatta Day) (Newfoundland and Labrador)","2024-08-16-39":"Gold Cup Parade (Prince Edward Island)","2024-08-19-40":"Discovery Day (Yukon)","2024-09-02-41":"Labour Day","2024-09-30-42":"National Day for Truth and Reconciliation (regional holiday)","2024-10-14-43":"Thanksgiving Day (regional holiday)","2024-10-31-44":"Halloween","2024-11-03-45":"Daylight Saving Time ends","2024-11-11-46":"Remembrance Day (regional holiday)","2024-12-11-47":"Anniversary of the Statute of Westminster","2024-12-24-48":"Christmas Eve (New Brunswick)","2024-12-25-49":"Christmas Day","2024-12-26-50":"Boxing Day (regional holiday)","2024-12-31-51":"New Year\u0027s Eve","2025-01-01-52":"New Year\u0027s Day","2025-01-02-53":"Day After New Year’s Day (Quebec)","2025-01-06-54":"Epiphany","2025-02-02-55":"Groundhog Day","2025-02-14-56":"Valentine\u0027s Day","2025-02-17-57":"Louis Riel Day (Manitoba)","2025-02-17-58":"Islander Day (Prince Edward Island)","2025-02-17-59":"Nova Scotia Heritage Day (Nova Scotia)","2025-02-17-60":"Family Day (regional holiday)","2025-02-21-61":"Yukon Heritage Day (Yukon)","2025-03-09-62":"Daylight Saving Time starts","2025-03-10-63":"Commonwealth Day","2025-03-17-64":"St. Patrick\u0027s Day (Newfoundland and Labrador)","2025-04-06-65":"Tartan Day","2025-04-09-66":"Vimy Ridge Day","2025-04-18-67":"Good Friday","2025-04-20-68":"Easter Sunday (regional holiday)","2025-04-21-69":"St. George\u0027s Day (Newfoundland and Labrador)","2025-04-21-70":"Easter Monday (regional holiday)","2025-05-11-71":"Mothers\u0027 Day","2025-05-19-72":"National Patriots\u0027 Day (Quebec)","2025-05-19-73":"Victoria Day (regional holiday)","2025-06-15-74":"Fathers\u0027 Day","2025-06-21-75":"National Indigenous Peoples Day (regional holiday)","2025-06-23-76":"June Holiday (Newfoundland and Labrador)","2025-06-24-77":"St. Jean Baptiste Day (Quebec)","2025-07-01-78":"Canada Day","2025-07-01-79":"Memorial Day (Newfoundland and Labrador)","2025-07-09-80":"Nunavut Day (Nunavut)","2025-07-14-81":"Orangemen\u0027s Day (Newfoundland and Labrador)","2025-08-04-82":"Natal Day (Nova Scotia)","2025-08-04-83":"Saskatchewan Day (Saskatchewan)","2025-08-04-84":"Civic/Provincial Day (regional holiday)","2025-08-04-85":"Heritage Day (Alberta)","2025-08-04-86":"New Brunswick Day (New Brunswick)","2025-08-04-87":"British Columbia Day (British Columbia)","2025-08-06-88":"The Royal St John\u0027s Regatta (Regatta Day) (Newfoundland and Labrador)","2025-08-15-89":"Gold Cup Parade (Prince Edward Island)","2025-08-18-90":"Discovery Day (Yukon)","2025-09-01-91":"Labour Day","2025-09-30-92":"National Day for Truth and Reconciliation (regional holiday)","2025-10-13-93":"Thanksgiving Day (regional holiday)","2025-10-31-94":"Halloween","2025-11-02-95":"Daylight Saving Time ends","2025-11-11-96":"Remembrance Day (regional holiday)","2025-12-11-97":"Anniversary of the Statute of Westminster","2025-12-24-98":"Christmas Eve (New Brunswick)","2025-12-25-99":"Christmas Day","2025-12-26-100":"Boxing Day (regional holiday)","2025-12-31-101":"New Year\u0027s Eve"},"next":2026}