{"country":"PH","holidays":{"2024-01-01-1":"Capodanno","2024-01-06-2":"Epifania","2024-02-14-3":"Mercoledì delle Ceneri","2024-03-19-4":"Festa del Papà","2024-03-29-5":"Venerdi Santo","2024-03-31-6":"Pasqua","2024-04-01-7":"Lunedì di Pasquetta","2024-04-25-8":"Liberazione","2024-05-01-9":"Festa del Lavoro","2024-05-12-10":"La Festa della Mamma","2024-06-02-11":"Festa della Repubblica","2024-08-15-12":"Assunzione","2024-08-15-13":"Ferragosto","2024-11-01-14":"Tutti i Santi","2024-12-08-15":"Immacolata","2024-12-25-16":"Natale","2024-12-26-17":"Santo Stefano","2024-12-31-18":"San Silvestro","2025-01-01-19":"Capodanno","2025-01-06-20":"Epifania","2025-03-05-21":"Mercoledì delle Ceneri","2025-03-19-22":"Festa del Papà","2025-04-18-23":"Venerdi Santo","2025-04-20-24":"Pasqua","2025-04-21-25":"Lunedì di Pasquetta","2025-04-25-26":"Liberazione","2025-05-01-27":"Festa del Lavoro","2025-05-11-28":"La Festa della Mamma","2025-06-02-29":"Festa della Repubblica","2025-08-15-30":"Ferragosto","2025-08-15-31":"Assunzione","2025-11-01-32":"Tutti i Santi","2025-12-08-33":"Immacolata","2025-12-25-34":"Natale","2025-12-26-35":"Santo Stefano","2025-12-31-36":"San Silvestro"},"next":2026}