{"country":"GB","holidays":{"2024-01-01-1":"New Year\u0027s Day","2024-01-02-2":"2nd January (Scotland)","2024-01-05-3":"Twelfth Night","2024-02-13-4":"Carnival / Shrove Tuesday / Pancake Day","2024-02-14-5":"Valentine\u0027s Day","2024-03-01-6":"St. David\u0027s Day (Wales)","2024-03-10-7":"Mother\u0027s Day","2024-03-17-8":"St Patrick\u0027s Day (Northern Ireland)","2024-03-18-9":"Day off for St Patrick\u0027s Day (Northern Ireland)","2024-03-29-10":"Good Friday","2024-03-31-11":"Easter Sunday","2024-03-31-12":"Daylight Saving Time starts","2024-04-01-13":"Easter Monday (regional holiday)","2024-04-23-14":"St. George\u0027s Day","2024-05-06-15":"Early May Bank Holiday","2024-05-27-16":"Spring Bank Holiday","2024-06-15-17":"King\u0027s Birthday","2024-06-16-18":"Father\u0027s Day","2024-07-12-19":"Battle of the Boyne (Northern Ireland)","2024-08-05-20":"Summer Bank Holiday (Scotland)","2024-08-26-21":"Summer Bank Holiday (regional holiday)","2024-10-27-22":"Daylight Saving Time ends","2024-10-31-23":"Halloween","2024-11-05-24":"Guy Fawkes Day","2024-11-10-25":"Remembrance Sunday","2024-11-30-26":"St Andrew\u0027s Day (Scotland)","2024-12-02-27":"St Andrew\u0027s Day observed (Scotland)","2024-12-24-28":"Christmas Eve","2024-12-25-29":"Christmas Day","2024-12-26-30":"Boxing Day","2024-12-31-31":"New Year\u0027s Eve","2025-01-01-32":"New Year\u0027s Day","2025-01-02-33":"2nd January (Scotland)","2025-01-05-34":"Twelfth Night","2025-02-14-35":"Valentine\u0027s Day","2025-03-01-36":"St. David\u0027s Day (Wales)","2025-03-04-37":"Carnival / Shrove Tuesday / Pancake Day","2025-03-17-38":"St Patrick\u0027s Day (Northern Ireland)","2025-03-30-39":"Daylight Saving Time starts","2025-03-30-40":"Mother\u0027s Day","2025-04-18-41":"Good Friday","2025-04-20-42":"Easter Sunday","2025-04-21-43":"Easter Monday (regional holiday)","2025-04-23-44":"St. George\u0027s Day","2025-05-05-45":"Early May Bank Holiday","2025-05-26-46":"Spring Bank Holiday","2025-06-15-47":"Father\u0027s Day","2025-06-21-48":"King\u0027s Birthday","2025-07-12-49":"Battle of the Boyne (Northern Ireland)","2025-07-14-50":"Battle of the Boyne observed (Northern Ireland)","2025-08-04-51":"Summer Bank Holiday (Scotland)","2025-08-25-52":"Summer Bank Holiday (regional holiday)","2025-10-26-53":"Daylight Saving Time ends","2025-10-31-54":"Halloween","2025-11-05-55":"Guy Fawkes Day","2025-11-09-56":"Remembrance Sunday","2025-11-30-57":"St Andrew\u0027s Day (Scotland)","2025-12-01-58":"St Andrew\u0027s Day observed (Scotland)","2025-12-24-59":"Christmas Eve","2025-12-25-60":"Christmas Day","2025-12-26-61":"Boxing Day","2025-12-31-62":"New Year\u0027s Eve"},"next":2026}