{"country":"AU","holidays":{"2024-01-01-1":"New Year\u0027s Day","2024-01-26-2":"Australia Day","2024-02-10-3":"Lunar New Year (Christmas Island)","2024-02-11-4":"Lunar New Year Holiday (Day 2) (Christmas Island)","2024-02-12-5":"Day off for Lunar New Year (Christmas Island)","2024-02-12-6":"Royal Hobart Regatta (Tasmania)","2024-03-04-7":"Labour Day (Western Australia)","2024-03-11-8":"Canberra Day (Australian Capital Territory)","2024-03-11-9":"Labour Day (Victoria)","2024-03-11-10":"Adelaide Cup (South Australia)","2024-03-11-11":"Eight Hours Day (Tasmania)","2024-03-16-12":"Labour Day (Christmas Island)","2024-03-21-13":"Harmony Day","2024-03-29-14":"Good Friday (Victoria)","2024-03-30-15":"Holy Saturday (regional holiday)","2024-03-31-16":"Easter Sunday (regional holiday)","2024-04-01-17":"Easter Monday","2024-04-02-18":"Easter Tuesday (Tasmania)","2024-04-07-19":"Daylight Saving Time ends","2024-04-10-20":"Hari Raya Puasa (regional holiday)","2024-04-25-21":"ANZAC Day","2024-04-25-22":"ANZAC Day Observed (Victoria)","2024-04-29-23":"Self Determination Day (Cocos and Keeling Islands)","2024-05-06-24":"Labour Day (Queensland)","2024-05-06-25":"May Day (Northern Territory)","2024-05-27-26":"Reconciliation Day (Australian Capital Territory)","2024-06-03-27":"Western Australia Day (Western Australia)","2024-06-06-28":"King\u0027s Birthday (Cocos and Keeling Islands)","2024-06-10-29":"King\u0027s Birthday (regional holiday)","2024-06-17-30":"Hari Raya Haji (regional holiday)","2024-08-05-31":"Northern Territory Picnic Day (Northern Territory)","2024-08-05-32":"New South Wales Bank Holiday (New South Wales)","2024-08-14-33":"Royal National Agricultural Show Day Queensland (Queensland)","2024-09-16-34":"Hari Maulad Nabi (Cocos and Keeling Islands)","2024-09-23-35":"King\u0027s Birthday (Western Australia)","2024-09-27-36":"Friday before the AFL Grand Final (Victoria)","2024-10-06-37":"Daylight Saving Time starts","2024-10-07-38":"King\u0027s Birthday (Queensland)","2024-10-07-39":"Territory Day (Christmas Island)","2024-10-07-40":"Labour Day (regional holiday)","2024-10-24-41":"Royal Hobart Show (Tasmania)","2024-11-04-42":"Recreation Day (Tasmania)","2024-11-05-43":"Melbourne Cup Day (Victoria)","2024-11-11-44":"Remembrance Day","2024-12-24-45":"Christmas Eve (regional holiday)","2024-12-25-46":"Christmas Day (Victoria)","2024-12-26-47":"Proclamation Day (South Australia)","2024-12-26-48":"Boxing Day","2024-12-31-49":"New Year\u0027s Eve (regional holiday)","2025-01-01-50":"New Year\u0027s Day","2025-01-26-51":"Australia Day","2025-01-27-52":"Australia Day Observed (regional holiday)","2025-01-29-53":"Lunar New Year (Christmas Island)","2025-01-30-54":"Lunar New Year Holiday (Day 2) (Christmas Island)","2025-02-10-55":"Royal Hobart Regatta (Tasmania)","2025-03-03-56":"Labour Day (Western Australia)","2025-03-10-57":"Adelaide Cup (South Australia)","2025-03-10-58":"Canberra Day (Australian Capital Territory)","2025-03-10-59":"Labour Day (Victoria)","2025-03-10-60":"Eight Hours Day (Tasmania)","2025-03-21-61":"Harmony Day","2025-03-31-62":"Hari Raya Puasa (regional holiday)","2025-04-06-63":"Self Determination Day (Cocos and Keeling Islands)","2025-04-06-64":"Daylight Saving Time ends","2025-04-07-65":"Day off for Self Determination Day (Cocos and Keeling Islands)","2025-04-18-66":"Good Friday (Victoria)","2025-04-19-67":"Holy Saturday (regional holiday)","2025-04-20-68":"Easter Sunday (regional holiday)","2025-04-21-69":"Easter Monday","2025-04-22-70":"Easter Tuesday (Tasmania)","2025-04-25-71":"ANZAC Day","2025-04-25-72":"ANZAC Day Observed (Victoria)","2025-05-05-73":"May Day (Northern Territory)","2025-05-05-74":"Labour Day (Queensland)","2025-06-02-75":"Reconciliation Day (Australian Capital Territory)","2025-06-02-76":"Western Australia Day (Western Australia)","2025-06-06-77":"King\u0027s Birthday (Cocos and Keeling Islands)","2025-06-07-78":"Hari Raya Haji (regional holiday)","2025-06-09-79":"Day off for Hari Raya Haji (regional holiday)","2025-06-09-80":"King\u0027s Birthday (regional holiday)","2025-08-04-81":"New South Wales Bank Holiday (New South Wales)","2025-08-04-82":"Northern Territory Picnic Day (Northern Territory)","2025-08-13-83":"Royal National Agricultural Show Day Queensland (Queensland)","2025-09-05-84":"Hari Maulad Nabi (Cocos and Keeling Islands)","2025-09-26-85":"Friday before the AFL Grand Final (Victoria)","2025-09-29-86":"King\u0027s Birthday (Western Australia)","2025-10-05-87":"Daylight Saving Time starts","2025-10-06-88":"King\u0027s Birthday (Queensland)","2025-10-06-89":"Territory Day (Christmas Island)","2025-10-06-90":"Labour Day (regional holiday)","2025-10-23-91":"Royal Hobart Show (Tasmania)","2025-11-03-92":"Recreation Day (Tasmania)","2025-11-04-93":"Melbourne Cup Day (Victoria)","2025-11-11-94":"Remembrance Day","2025-12-24-95":"Christmas Eve (regional holiday)","2025-12-25-96":"Christmas Day (Victoria)","2025-12-26-97":"Boxing Day","2025-12-26-98":"Proclamation Day (South Australia)","2025-12-31-99":"New Year\u0027s Eve (regional holiday)"},"next":2026}