{"country":"TH","holidays":{"2024-01-01-1":"New Year\u0027s Day","2024-02-10-2":"Lunar New Year\u0027s Day","2024-02-11-3":"Second Day of Lunar New Year","2024-02-12-4":"Third Day of Lunar New Year","2024-02-14-5":"Valentine\u0027s Day","2024-02-24-6":"Makha Bucha","2024-02-26-7":"Day off for Makha Bucha","2024-04-06-8":"Chakri Day","2024-04-08-9":"Day off for Chakri Day","2024-04-13-10":"Songkran","2024-04-14-11":"Songkran","2024-04-15-12":"Songkran","2024-04-16-13":"Songkran Observed","2024-05-01-14":"Labor Day","2024-05-04-15":"Coronation Day","2024-05-06-16":"Royal Ploughing Ceremony Day","2024-05-06-17":"Day off for Coronation Day","2024-06-03-18":"Queen Suthida\u0027s Birthday","2024-07-20-19":"Buddhist Lent Day","2024-07-22-20":"Day off for Buddhist Lent Day","2024-07-28-21":"King Vajiralongkorn\u0027s Birthday","2024-07-29-22":"Day off for King Vajiralongkorn\u0027s Birthday","2024-08-12-23":"The Queen\u0027s Birthday","2024-10-13-24":"Anniversary of the Death of King Bhumibol","2024-10-14-25":"Day off for Anniversary of the Death of King Bhumibol","2024-10-23-26":"Chulalongkorn Day","2024-12-05-27":"King Bhumibol\u0027s Birthday/Father\u0027s Day","2024-12-10-28":"Constitution Day","2024-12-24-29":"Christmas Eve","2024-12-25-30":"Christmas Day","2024-12-30-31":"New Year Special Public Holiday","2024-12-31-32":"New Year\u0027s Eve","2025-01-01-33":"New Year\u0027s Day","2025-01-29-34":"Lunar New Year\u0027s Day","2025-01-30-35":"Second Day of Lunar New Year","2025-01-31-36":"Third Day of Lunar New Year","2025-02-14-37":"Valentine\u0027s Day","2025-04-06-38":"Chakri Day","2025-04-07-39":"Day off for Chakri Day","2025-04-13-40":"Songkran","2025-04-14-41":"Songkran","2025-04-15-42":"Songkran","2025-04-16-43":"Songkran Observed","2025-05-01-44":"Labor Day","2025-05-04-45":"Coronation Day","2025-05-05-46":"Day off for Coronation Day","2025-06-03-47":"Queen Suthida\u0027s Birthday","2025-07-21-48":"Buddhist Lent Day","2025-07-28-49":"King Vajiralongkorn\u0027s Birthday","2025-08-12-50":"The Queen\u0027s Birthday","2025-10-13-51":"Anniversary of the Death of King Bhumibol","2025-10-23-52":"Chulalongkorn Day","2025-12-05-53":"King Bhumibol\u0027s Birthday/Father\u0027s Day","2025-12-10-54":"Constitution Day","2025-12-24-55":"Christmas Eve","2025-12-25-56":"Christmas Day","2025-12-31-57":"New Year\u0027s Eve"},"next":2026}