{"country":"HK","holidays":{"2024-01-01-1":"New Year\u0027s Day","2024-02-10-2":"Lunar New Year\u0027s Day","2024-02-12-3":"Third Day of Lunar New Year","2024-02-13-4":"Fourth Day of Lunar New Year","2024-03-29-6":"Good Friday","2024-03-30-7":"Holy Saturday","2024-03-31-8":"Easter Sunday","2024-04-01-9":"Easter Monday","2024-04-04-10":"Tomb Sweeping Day","2024-05-01-11":"Labour Day","2024-05-15-13":"Buddha\u0027s Birthday","2024-06-10-14":"Dragon Boat Festival","2024-07-01-16":"Hong Kong Special Administrative Region Establishment Day","2024-09-18-19":"Day after Mid-Autumn Festival","2024-10-01-20":"National Day","2024-10-11-21":"Chung Yeung Festival","2024-12-25-22":"Christmas Day","2024-12-26-23":"First Weekday After Christmas Day","2025-01-01-25":"New Year\u0027s Day","2025-01-29-26":"Lunar New Year\u0027s Day","2025-01-30-27":"Second Day of Lunar New Year","2025-01-31-28":"Third Day of Lunar New Year","2025-02-14-29":"Valentine\u0027s Day","2025-04-05-30":"Tomb Sweeping Day","2025-04-18-31":"Good Friday","2025-04-19-32":"Holy Saturday","2025-04-20-33":"Easter Sunday","2025-04-21-34":"Easter Monday","2025-05-01-35":"Labour Day","2025-05-05-36":"Buddha\u0027s Birthday","2025-05-11-37":"Mother\u0027s Day","2025-05-31-38":"Dragon Boat Festival","2025-06-15-39":"Father\u0027s Day","2025-07-01-40":"Hong Kong Special Administrative Region Establishment Day","2025-09-06-41":"Hungry Ghost Festival","2025-10-01-42":"National Day","2025-10-06-43":"Mid-Autumn Festival","2025-10-07-44":"Day after Mid-Autumn Festival","2025-10-29-45":"Chung Yeung Festival","2025-12-25-46":"Christmas Day","2025-12-26-47":"First Weekday After Christmas Day","2025-12-31-48":"New Year’s Eve"},"next":2026}