{"country":"US","holidays":{"2022-01-01-1":"New Year\u0027s Day","2022-01-17-2":"Martin Luther King Jr. Day","2022-02-01-3":"First Day of Black History Month","2022-02-14-4":"Valentine\u0027s Day","2022-02-21-5":"Presidents\u0027 Day","2022-03-01-6":"First Day of Women\u0027s History Month","2022-03-13-7":"Daylight Saving Time starts","2022-03-17-8":"St. Patrick\u0027s Day","2022-04-17-9":"Easter Sunday","2022-04-18-10":"Easter Monday","2022-04-18-11":"Tax Day","2022-05-01-12":"First Day of Asian Pacific American Heritage Month","2022-05-05-13":"Cinco de Mayo","2022-05-08-14":"Mother\u0027s Day","2022-05-30-15":"Memorial Day","2022-06-01-16":"First Day of LGBTQ+ Pride Month","2022-06-14-17":"Flag Day","2022-06-19-18":"Father\u0027s Day","2022-06-19-19":"Juneteenth","2022-06-20-20":"Juneteenth (substitute)","2022-07-04-21":"Independence Day","2022-09-05-22":"Labor Day","2022-09-15-23":"First Day of Hispanic Heritage Month","2022-10-10-24":"Indigenous Peoples\u0027 Day","2022-10-10-25":"Columbus Day","2022-10-31-26":"Halloween","2022-11-01-27":"First Day of American Indian Heritage Month","2022-11-06-28":"Daylight Saving Time ends","2022-11-08-29":"Election Day","2022-11-11-30":"Veterans Day","2022-11-24-31":"Thanksgiving Day","2022-11-25-32":"Native American Heritage Day","2022-12-24-33":"Christmas Eve","2022-12-25-34":"Christmas Day","2022-12-26-35":"Christmas Day (substitute)","2022-12-31-36":"New Year\u0027s Eve","2023-01-01-37":"New Year\u0027s Day","2023-01-02-38":"New Year\u0027s Day (substitute)","2023-01-16-39":"Martin Luther King Jr. Day","2023-02-01-40":"First Day of Black History Month","2023-02-14-41":"Valentine\u0027s Day","2023-02-20-42":"Presidents\u0027 Day","2023-03-01-43":"First Day of Women\u0027s History Month","2023-03-12-44":"Daylight Saving Time starts","2023-03-17-45":"St. Patrick\u0027s Day","2023-04-09-46":"Easter Sunday","2023-04-10-47":"Easter Monday","2023-04-18-48":"Tax Day","2023-05-01-49":"First Day of Asian Pacific American Heritage Month","2023-05-05-50":"Cinco de Mayo","2023-05-14-51":"Mother\u0027s Day","2023-05-29-52":"Memorial Day","2023-06-01-53":"First Day of LGBTQ+ Pride Month","2023-06-14-54":"Flag Day","2023-06-18-55":"Father\u0027s Day","2023-06-19-56":"Juneteenth","2023-07-04-57":"Independence Day","2023-09-04-58":"Labor Day","2023-09-15-59":"First Day of Hispanic Heritage Month","2023-10-09-60":"Columbus Day","2023-10-09-61":"Indigenous Peoples\u0027 Day","2023-10-31-62":"Halloween","2023-11-01-63":"First Day of American Indian Heritage Month","2023-11-05-64":"Daylight Saving Time ends","2023-11-07-65":"Election Day","2023-11-10-66":"Veterans Day (substitute)","2023-11-11-67":"Veterans Day","2023-11-23-68":"Thanksgiving Day","2023-11-24-69":"Native American Heritage Day","2023-12-24-70":"Christmas Eve","2023-12-25-71":"Christmas Day","2023-12-31-72":"New Year\u0027s Eve","2024-01-01-73":"New Year\u0027s Day"},"next":2024}