{"country":"UA","holidays":{"2024-01-01-1":"New Year\u0027s Day (Suspended)","2024-01-06-2":"Epiphany","2024-01-14-3":"Orthodox New Year","2024-01-22-4":"Ukrainian Unity Day","2024-02-14-5":"Valentine\u0027s Day","2024-03-08-6":"International Women\u0027s Day (Suspended)","2024-03-31-7":"Daylight Saving Time starts","2024-04-01-8":"April Fools","2024-05-01-9":"Labor Day (Suspended)","2024-05-05-10":"Orthodox Easter Day (Suspended)","2024-05-09-11":"Victory Day (Suspended)","2024-05-12-12":"Mother\u0027s Day","2024-05-18-13":"Europe Day","2024-05-26-14":"Kyiv Day","2024-06-01-15":"Children\u0027s Day","2024-06-06-16":"Journalists\u0027 Day","2024-06-16-17":"Fathers\u0027 Day","2024-06-22-18":"Day of Mourning and Commemoration of War Victims","2024-06-23-19":"Orthodox Pentecost (Suspended)","2024-06-28-20":"Constitution Day (Suspended)","2024-07-06-21":"Kupala Night","2024-07-07-22":"Navy Day","2024-07-08-23":"Family Day","2024-07-15-24":"Ukrainian Statehood Day","2024-07-28-25":"Baptism of Kyivan Rus","2024-08-24-26":"Independence Day (Suspended)","2024-10-01-27":"Day of Defenders and Defenders of Ukraine (Suspended)","2024-10-27-28":"Daylight Saving Time ends","2024-10-28-29":"Day of Liberation of Ukraine from Fascist Invaders","2024-11-09-30":"Cultural Workers and Folk Artists Day","2024-11-21-31":"Dignity and Freedom Day","2024-12-06-32":"St. Nicholas Day","2024-12-06-33":"Army Day","2024-12-25-34":"Christmas Day","2025-01-01-35":"New Year\u0027s Day (Suspended)","2025-01-06-36":"Epiphany","2025-01-14-37":"Orthodox New Year","2025-01-22-38":"Ukrainian Unity Day","2025-02-14-39":"Valentine\u0027s Day","2025-03-08-40":"International Women\u0027s Day (Suspended)","2025-03-10-41":"International Women\u0027s Day (Suspended) observed","2025-03-30-42":"Daylight Saving Time starts","2025-04-01-43":"April Fools","2025-04-20-44":"Orthodox Easter Day (Suspended)","2025-05-01-45":"Labor Day (Suspended)","2025-05-09-46":"Victory Day (Suspended)","2025-05-11-47":"Mother\u0027s Day","2025-05-17-48":"Europe Day","2025-05-25-49":"Kyiv Day","2025-06-01-50":"Children\u0027s Day","2025-06-06-51":"Journalists\u0027 Day","2025-06-08-52":"Orthodox Pentecost (Suspended)","2025-06-15-53":"Fathers\u0027 Day","2025-06-22-54":"Day of Mourning and Commemoration of War Victims","2025-06-28-55":"Constitution Day (Suspended)","2025-06-30-56":"Constitution Day (Suspended) observed","2025-07-06-57":"Navy Day","2025-07-06-58":"Kupala Night","2025-07-08-59":"Family Day","2025-07-15-60":"Ukrainian Statehood Day","2025-07-28-61":"Baptism of Kyivan Rus","2025-08-24-62":"Independence Day (Suspended)","2025-08-25-63":"Independence Day (Suspended) observed","2025-10-01-64":"Day of Defenders and Defenders of Ukraine (Suspended)","2025-10-26-65":"Daylight Saving Time ends","2025-10-28-66":"Day of Liberation of Ukraine from Fascist Invaders","2025-11-09-67":"Cultural Workers and Folk Artists Day","2025-11-21-68":"Dignity and Freedom Day","2025-12-06-69":"Army Day","2025-12-06-70":"St. Nicholas Day","2025-12-25-71":"Christmas Day"},"next":2026}