{"country":"ID","holidays":{"2024-01-01-1":"New Year\u0027s Day","2024-02-08-2":"Ascension of the Prophet Muhammad","2024-02-09-3":"Lunar New Year Joint Holiday","2024-02-10-4":"Lunar New Year\u0027s Day","2024-02-14-5":"Election Day","2024-03-11-6":"Bali\u0027s Day of Silence and Hindu New Year (Nyepi)","2024-03-12-7":"Ramadan Start","2024-03-12-8":"Joint Holiday for Bali\u0027s Day of Silence and Hindu New Year (Nyepi)","2024-03-29-9":"Good Friday","2024-03-31-10":"Easter Sunday","2024-04-08-11":"Idul Fitri Joint Holiday","2024-04-09-12":"Idul Fitri Joint Holiday","2024-04-10-13":"Idul Fitri","2024-04-11-14":"Idul Fitri Holiday","2024-04-12-15":"Idul Fitri Joint Holiday","2024-04-15-16":"Idul Fitri Joint Holiday","2024-04-21-17":"Kartini Day","2024-05-01-18":"International Labor Day","2024-05-09-19":"Ascension Day of Jesus Christ","2024-05-10-20":"Joint Holiday after Ascension Day","2024-05-23-21":"Waisak Day (Buddha\u0027s Anniversary)","2024-05-24-22":"Joint Holiday for Waisak Day","2024-06-01-23":"Pancasila Day","2024-06-17-24":"Idul Adha","2024-06-18-25":"Joint Holiday for Idul Adha","2024-07-07-26":"Muharram / Islamic New Year","2024-08-17-27":"Indonesian Independence Day","2024-09-15-28":"Maulid Nabi Muhammad (The Prophet Muhammad\u0027s Birthday)","2024-10-02-29":"Batik Day","2024-11-01-30":"Diwali","2024-11-12-31":"Father\u0027s Day","2024-11-25-32":"Teacher\u0027s Day","2024-12-22-33":"Mother\u0027s Day","2024-12-24-34":"Christmas Eve","2024-12-25-35":"Christmas Day","2024-12-26-36":"Boxing Day","2024-12-31-37":"New Year\u0027s Eve","2025-01-01-38":"New Year\u0027s Day","2025-01-28-39":"Ascension of the Prophet Muhammad","2025-01-29-40":"Lunar New Year\u0027s Day","2025-03-02-41":"Ramadan Start","2025-04-01-42":"Idul Fitri","2025-04-02-43":"Idul Fitri Holiday","2025-04-18-44":"Good Friday","2025-04-20-45":"Easter Sunday","2025-04-21-46":"Kartini Day","2025-05-01-47":"International Labor Day","2025-05-13-48":"Waisak Day (Buddha\u0027s Anniversary)","2025-05-29-49":"Ascension Day of Jesus Christ","2025-06-01-50":"Pancasila Day","2025-06-07-51":"Idul Adha","2025-06-27-52":"Muharram / Islamic New Year","2025-08-17-53":"Indonesian Independence Day","2025-09-05-54":"Maulid Nabi Muhammad (The Prophet Muhammad\u0027s Birthday)","2025-10-02-55":"Batik Day","2025-10-21-56":"Diwali","2025-11-12-57":"Father\u0027s Day","2025-11-25-58":"Teacher\u0027s Day","2025-12-22-59":"Mother\u0027s Day","2025-12-24-60":"Christmas Eve","2025-12-25-61":"Christmas Day","2025-12-31-62":"New Year\u0027s Eve"},"next":2026}