{"country":"IN","holidays":{"2024-01-01-1":"New Year\u0027s Day","2024-01-13-2":"Lohri","2024-01-14-3":"Makar Sankranti","2024-01-15-4":"Pongal","2024-01-17-5":"Guru Govind Singh Jayanti","2024-01-25-6":"Hazarat Ali\u0027s Birthday","2024-01-26-7":"Republic Day","2024-02-14-8":"Vasant Panchami","2024-02-19-9":"Shivaji Jayanti","2024-02-24-10":"Guru Ravidas Jayanti","2024-03-06-11":"Maharishi Dayanand Saraswati Jayanti","2024-03-08-12":"Maha Shivaratri/Shivaratri","2024-03-12-13":"Ramadan Start","2024-03-24-14":"Holika Dahana","2024-03-25-15":"Dolyatra","2024-03-25-16":"Holi","2024-03-29-17":"Good Friday","2024-03-31-18":"Easter Day","2024-04-05-19":"Jamat Ul-Vida","2024-04-09-20":"Ugadi","2024-04-09-21":"Chaitra Sukhladi","2024-04-09-22":"Gudi Padwa","2024-04-11-23":"Ramzan Id/Eid-ul-Fitar","2024-04-13-24":"Vaisakhi","2024-04-14-25":"Mesadi / Vaisakhadi","2024-04-14-26":"Ambedkar Jayanti","2024-04-17-27":"Rama Navami","2024-04-21-28":"Mahavir Jayanti","2024-05-08-29":"Birthday of Rabindranath","2024-05-23-30":"Buddha Purnima/Vesak","2024-06-17-31":"Bakrid/Eid ul-Adha","2024-07-07-32":"Rath Yatra","2024-07-17-33":"Muharram/Ashura","2024-08-15-34":"Parsi New Year","2024-08-15-35":"Independence Day","2024-08-19-36":"Raksha Bandhan (Rakhi)","2024-08-26-37":"Janmashtami (Smarta)","2024-08-26-38":"Janmashtami","2024-09-07-39":"Ganesh Chaturthi/Vinayaka Chaturthi","2024-09-15-40":"Onam","2024-09-16-41":"Milad un-Nabi/Id-e-Milad","2024-10-02-42":"Mahatma Gandhi Jayanti","2024-10-03-43":"First Day of Sharad Navratri","2024-10-09-44":"First Day of Durga Puja Festivities","2024-10-10-45":"Maha Saptami","2024-10-11-46":"Maha Ashtami","2024-10-11-47":"Maha Navami","2024-10-12-48":"Dussehra","2024-10-17-49":"Maharishi Valmiki Jayanti","2024-10-20-50":"Karaka Chaturthi (Karva Chauth)","2024-10-31-51":"Naraka Chaturdasi","2024-10-31-52":"Diwali/Deepavali","2024-11-02-53":"Govardhan Puja","2024-11-03-54":"Bhai Duj","2024-11-07-55":"Chhat Puja (Pratihar Sashthi/Surya Sashthi)","2024-11-15-56":"Guru Nanak Jayanti","2024-11-24-57":"Guru Tegh Bahadur\u0027s Martyrdom Day","2024-12-24-58":"Christmas Eve","2024-12-25-59":"Christmas","2025-01-01-60":"New Year\u0027s Day","2025-01-13-61":"Lohri","2025-01-14-62":"Makar Sankranti","2025-01-14-63":"Hazarat Ali\u0027s Birthday","2025-01-14-64":"Pongal","2025-01-26-65":"Republic Day","2025-02-02-66":"Vasant Panchami","2025-02-12-67":"Guru Ravidas Jayanti","2025-02-19-68":"Shivaji Jayanti","2025-02-23-69":"Maharishi Dayanand Saraswati Jayanti","2025-02-26-70":"Maha Shivaratri/Shivaratri","2025-03-02-71":"Ramadan Start","2025-03-13-72":"Holika Dahana","2025-03-14-73":"Dolyatra","2025-03-14-74":"Holi","2025-03-30-75":"Gudi Padwa","2025-03-30-76":"Ugadi","2025-03-30-77":"Chaitra Sukhladi","2025-03-31-78":"Ramzan Id/Eid-ul-Fitar","2025-03-31-79":"Jamat Ul-Vida","2025-04-06-80":"Rama Navami","2025-04-10-81":"Mahavir Jayanti","2025-04-14-82":"Ambedkar Jayanti","2025-04-14-83":"Vaisakhi","2025-04-18-84":"Good Friday","2025-04-20-85":"Easter Day","2025-05-09-86":"Birthday of Rabindranath","2025-05-12-87":"Buddha Purnima/Vesak","2025-06-07-88":"Bakrid/Eid ul-Adha","2025-06-27-89":"Rath Yatra","2025-07-06-90":"Muharram/Ashura","2025-08-09-91":"Raksha Bandhan (Rakhi)","2025-08-15-92":"Parsi New Year","2025-08-15-93":"Independence Day","2025-08-15-94":"Janmashtami (Smarta)","2025-08-16-95":"Janmashtami","2025-08-27-96":"Ganesh Chaturthi/Vinayaka Chaturthi","2025-09-05-97":"Onam","2025-09-05-98":"Milad un-Nabi/Id-e-Milad","2025-09-22-99":"First Day of Sharad Navratri","2025-09-28-100":"First Day of Durga Puja Festivities","2025-09-29-101":"Maha Saptami","2025-09-30-102":"Maha Ashtami","2025-10-01-103":"Maha Navami","2025-10-02-104":"Mahatma Gandhi Jayanti","2025-10-02-105":"Dussehra","2025-10-07-106":"Maharishi Valmiki Jayanti","2025-10-10-107":"Karaka Chaturthi (Karva Chauth)","2025-10-20-108":"Naraka Chaturdasi","2025-10-20-109":"Diwali/Deepavali","2025-10-22-110":"Govardhan Puja","2025-10-23-111":"Bhai Duj","2025-10-27-112":"Chhat Puja (Pratihar Sashthi/Surya Sashthi)","2025-11-05-113":"Guru Nanak Jayanti","2025-11-24-114":"Guru Tegh Bahadur\u0027s Martyrdom Day","2025-12-24-115":"Christmas Eve","2025-12-25-116":"Christmas","2025-12-27-117":"Guru Govind Singh Jayanti"},"next":2026}