{"country":"NZ","holidays":{"2024-01-01-1":"New Year\u0027s Day","2024-01-02-2":"Day after New Year\u0027s Day","2024-01-22-3":"Wellington Anniversary Day (regional holiday)","2024-01-29-4":"Northland Anniversary Day (Northland)","2024-01-29-5":"Auckland Anniversary Day (regional holiday)","2024-01-29-6":"Nelson Anniversary Day (regional holiday)","2024-02-06-7":"Waitangi Day","2024-02-14-8":"Valentine\u0027s Day","2024-03-11-9":"Taranaki Anniversary Day (Taranaki)","2024-03-25-10":"Otago Anniversary Day (Otago)","2024-03-29-11":"Good Friday","2024-03-30-12":"Holy Saturday","2024-03-31-13":"Easter Sunday","2024-04-01-14":"April Fools","2024-04-01-15":"Easter Monday","2024-04-02-16":"Southland Anniversary Day (Southland)","2024-04-25-17":"ANZAC Day","2024-05-12-18":"Mother\u0027s Day","2024-06-03-19":"King\u0027s Birthday","2024-06-28-20":"Matariki","2024-09-01-21":"Fathers\u0027 Day","2024-09-23-22":"South Canterbury Anniversary Day (Canterbury)","2024-10-25-23":"Hawke\u0027s Bay Anniversary Day (Hawke\u0027s Bay)","2024-10-28-24":"Labour Day","2024-11-04-25":"Marlborough Anniversary Day (Marlborough)","2024-11-05-26":"Guy Fawkes Night","2024-11-15-27":"Canterbury Anniversary Day (Canterbury)","2024-12-02-28":"Chatham Islands Anniversary Day (Chatham Islands)","2024-12-02-29":"Westland Anniversary Day (West Coast)","2024-12-24-30":"Christmas Eve","2024-12-25-31":"Christmas Day","2024-12-26-32":"Boxing Day","2024-12-31-33":"New Year\u0027s Eve","2025-01-01-34":"New Year\u0027s Day","2025-01-02-35":"Day after New Year\u0027s Day","2025-01-20-36":"Wellington Anniversary Day (regional holiday)","2025-01-27-37":"Auckland Anniversary Day (regional holiday)","2025-01-27-38":"Northland Anniversary Day (Northland)","2025-02-03-39":"Nelson Anniversary Day (regional holiday)","2025-02-06-40":"Waitangi Day","2025-02-14-41":"Valentine\u0027s Day","2025-03-10-42":"Taranaki Anniversary Day (Taranaki)","2025-03-24-43":"Otago Anniversary Day (Otago)","2025-04-01-44":"April Fools","2025-04-18-45":"Good Friday","2025-04-19-46":"Holy Saturday","2025-04-20-47":"Easter Sunday","2025-04-21-48":"Easter Monday","2025-04-22-49":"Southland Anniversary Day (Southland)","2025-04-25-50":"ANZAC Day","2025-05-11-51":"Mother\u0027s Day","2025-06-02-52":"King\u0027s Birthday","2025-06-20-53":"Matariki","2025-09-07-54":"Fathers\u0027 Day","2025-09-22-55":"South Canterbury Anniversary Day (Canterbury)","2025-10-24-56":"Hawke\u0027s Bay Anniversary Day (Hawke\u0027s Bay)","2025-10-27-57":"Labour Day","2025-11-03-58":"Marlborough Anniversary Day (Marlborough)","2025-11-05-59":"Guy Fawkes Night","2025-11-14-60":"Canterbury Anniversary Day (Canterbury)","2025-12-01-61":"Westland Anniversary Day (West Coast)","2025-12-01-62":"Chatham Islands Anniversary Day (Chatham Islands)","2025-12-24-63":"Christmas Eve","2025-12-25-64":"Christmas Day","2025-12-26-65":"Boxing Day","2025-12-31-66":"New Year\u0027s Eve"},"next":2026}